{"cameraMode":{"drawMode":0,"name":"Shaded","section":"Shading Mode"},"sceneLighting":true,"audioPlay":false,"sceneViewState":{"m_AlwaysRefresh":false,"showFog":true,"showSkybox":true,"showFlares":true,"showImageEffects":true,"showParticleSystems":true,"showVisualEffectGraphs":true,"m_FxEnabled":true},"in2DMode":false,"pivot":{"x":4.422330379486084,"y":1.3189411163330079,"z":-2.4725329875946047},"rotation":{"x":-0.04860852286219597,"y":-0.6917389035224915,"z":0.049017105251550677,"w":-0.7199552655220032},"size":1.1532760858535767,"orthographic":false}